Country,WHOREGION,FLUREGION,Year,Week,SDATE,EDATE,SPEC_RECEIVED_NB,SPEC_PROCESSED_NB,AH1,AH1N12009,AH3,AH5,ANOTSUBTYPED,INF_A,BYAMAGATA,BVICTORIA,BNOTDETERMINED,INF_B,ALL_INF,ALL_INF2,TITLE
Serbia,European Region of WHO,South West Europe,2007,1,01/01/2007,07/01/2007,,4,0,,0,,0,0,,,0,0,0,,No Activity
Serbia,European Region of WHO,South West Europe,2007,2,08/01/2007,14/01/2007,,8,3,,1,,0,4,,,0,0,4,,Sporadic
Serbia,European Region of WHO,South West Europe,2007,3,15/01/2007,21/01/2007,,5,0,,1,,0,1,,,0,0,1,,Sporadic
Serbia,European Region of WHO,South West Europe,2007,4,22/01/2007,28/01/2007,,15,0,,9,,0,9,,,0,0,9,,Sporadic
Serbia,European Region of WHO,South West Europe,2007,5,29/01/2007,04/02/2007,,6,0,,2,,0,2,,,0,0,2,,Sporadic
Serbia,European Region of WHO,South West Europe,2007,6,05/02/2007,11/02/2007,,31,0,,19,,0,19,,,0,0,19,,Sporadic
Serbia,European Region of WHO,South West Europe,2007,8,19/02/2007,25/02/2007,,23,0,,7,,0,7,,,0,0,7,,Local Outbreak
Serbia,European Region of WHO,South West Europe,2007,9,26/02/2007,04/03/2007,,2,0,,0,,0,0,,,0,0,0,,Sporadic
Serbia,European Region of WHO,South West Europe,2007,10,05/03/2007,11/03/2007,,6,0,,2,,0,2,,,0,0,2,,Sporadic
Serbia,European Region of WHO,South West Europe,2007,11,12/03/2007,18/03/2007,,2,0,,0,,0,0,,,1,1,1,,Sporadic
Serbia,European Region of WHO,South West Europe,2007,12,19/03/2007,25/03/2007,,1,0,,0,,0,0,,,0,0,0,,No Activity
Serbia,European Region of WHO,South West Europe,2007,13,26/03/2007,01/04/2007,,1,0,,0,,0,0,,,0,0,0,,No Activity
Serbia,European Region of WHO,South West Europe,2007,14,02/04/2007,08/04/2007,,0,0,,0,,0,0,,,0,0,0,,No Activity
Serbia,European Region of WHO,South West Europe,2007,15,09/04/2007,15/04/2007,,0,0,,0,,0,0,,,0,0,0,,No Activity
Serbia,European Region of WHO,South West Europe,2007,16,16/04/2007,22/04/2007,,0,0,,0,,0,0,,,0,0,0,,No Activity
Serbia,European Region of WHO,South West Europe,2007,52,24/12/2007,30/12/2007,,3,3,,0,,0,3,,,0,0,3,,Sporadic
Serbia,European Region of WHO,South West Europe,2008,1,31/12/2007,06/01/2008,,0,0,,0,,0,0,,,0,0,0,,Sporadic
Serbia,European Region of WHO,South West Europe,2008,2,07/01/2008,13/01/2008,,10,4,,0,,0,4,,,0,0,4,,Sporadic
Serbia,European Region of WHO,South West Europe,2008,3,14/01/2008,20/01/2008,,18,12,,0,,0,12,,,0,0,12,,Sporadic
Serbia,European Region of WHO,South West Europe,2008,4,21/01/2008,27/01/2008,,14,12,,0,,0,12,,,0,0,12,,Sporadic
Serbia,European Region of WHO,South West Europe,2008,5,28/01/2008,03/02/2008,,13,10,,0,,0,10,,,0,0,10,,Sporadic
Serbia,European Region of WHO,South West Europe,2008,6,04/02/2008,10/02/2008,,19,12,,0,,0,12,,,0,0,12,,Sporadic
Serbia,European Region of WHO,South West Europe,2008,8,18/02/2008,24/02/2008,,3,0,,0,,0,0,,,0,0,0,,Sporadic
Serbia,European Region of WHO,South West Europe,2008,9,25/02/2008,02/03/2008,,3,3,,0,,0,3,,,0,0,3,,Sporadic
Serbia,European Region of WHO,South West Europe,2008,52,22/12/2008,28/12/2008,,3,0,,0,,0,0,0,0,1,1,1,,Sporadic
Serbia,European Region of WHO,South West Europe,2009,1,29/12/2008,04/01/2009,,0,0,,0,,0,0,0,0,0,0,0,,Sporadic
Serbia,European Region of WHO,South West Europe,2009,2,05/01/2009,11/01/2009,,0,0,,0,,0,0,0,0,0,0,0,,Sporadic
Serbia,European Region of WHO,South West Europe,2009,3,12/01/2009,18/01/2009,,8,0,,1,,0,1,0,2,0,2,3,,Sporadic
Serbia,European Region of WHO,South West Europe,2009,4,19/01/2009,25/01/2009,,13,0,,4,,0,4,0,0,2,2,6,,Sporadic
Serbia,European Region of WHO,South West Europe,2009,5,26/01/2009,01/02/2009,,12,0,,5,,0,5,0,0,0,0,5,,Sporadic
Serbia,European Region of WHO,South West Europe,2009,6,02/02/2009,08/02/2009,,20,0,,2,,0,2,,,8,8,10,,Sporadic
Serbia,European Region of WHO,South West Europe,2009,16,13/04/2009,19/04/2009,,0,0,0,0,,0,0,,,0,0,0,,No Activity
Serbia,European Region of WHO,South West Europe,2009,17,20/04/2009,26/04/2009,,0,0,0,0,,0,0,,,0,0,0,,No Activity
Serbia,European Region of WHO,South West Europe,2009,18,27/04/2009,03/05/2009,,3,0,0,1,,0,1,,,0,0,1,,No Activity
Serbia,European Region of WHO,South West Europe,2009,19,04/05/2009,10/05/2009,,7,0,0,0,,0,0,,,0,0,0,,No Activity
Serbia,European Region of WHO,South West Europe,2009,20,11/05/2009,17/05/2009,,5,0,0,0,,0,0,,,0,0,0,,No Activity
Serbia,European Region of WHO,South West Europe,2009,21,18/05/2009,24/05/2009,,3,0,0,0,,0,0,,,0,0,0,,No Activity
Serbia,European Region of WHO,South West Europe,2009,22,25/05/2009,31/05/2009,,2,0,0,0,,0,0,,,0,0,0,,No Activity
Serbia,European Region of WHO,South West Europe,2009,23,01/06/2009,07/06/2009,,5,0,0,0,,0,0,,,0,0,0,,No Activity
Serbia,European Region of WHO,South West Europe,2009,24,08/06/2009,14/06/2009,,6,0,0,0,,0,0,,,0,0,0,,No Activity
Serbia,European Region of WHO,South West Europe,2009,25,15/06/2009,21/06/2009,39,39,0,10,0,0,0,10,0,0,0,0,10,,No Activity
Serbia,European Region of WHO,South West Europe,2009,26,22/06/2009,28/06/2009,,39,0,10,0,,0,10,0,0,0,0,10,,No Activity
Serbia,European Region of WHO,South West Europe,2009,27,29/06/2009,05/07/2009,76,76,0,11,0,0,0,11,0,0,0,0,11,,No Activity
Serbia,European Region of WHO,South West Europe,2009,28,06/07/2009,12/07/2009,82,82,0,28,0,0,0,28,0,0,0,0,28,,No Activity
Serbia,European Region of WHO,South West Europe,2009,29,13/07/2009,19/07/2009,117,117,0,60,0,0,0,60,0,0,0,0,60,,No Activity
Serbia,European Region of WHO,South West Europe,2009,30,20/07/2009,26/07/2009,13,13,0,7,0,0,0,7,0,0,0,0,7,,No Activity
Serbia,European Region of WHO,South West Europe,2009,31,27/07/2009,02/08/2009,8,8,0,4,0,0,0,4,0,0,0,0,4,,No Activity
Serbia,European Region of WHO,South West Europe,2009,32,03/08/2009,09/08/2009,,8,0,3,0,,0,3,0,0,0,0,3,,No Activity
Serbia,European Region of WHO,South West Europe,2009,33,10/08/2009,16/08/2009,,10,0,4,0,,0,4,0,0,0,0,4,,No Activity
Serbia,European Region of WHO,South West Europe,2009,34,17/08/2009,23/08/2009,,6,0,1,0,,0,1,0,0,0,0,1,,No Activity
Serbia,European Region of WHO,South West Europe,2009,35,24/08/2009,30/08/2009,,9,0,2,1,,0,3,0,0,0,0,3,,No Activity
Serbia,European Region of WHO,South West Europe,2009,36,31/08/2009,06/09/2009,,0,0,0,0,,0,0,0,0,0,0,0,,No Activity
Serbia,European Region of WHO,South West Europe,2009,37,07/09/2009,13/09/2009,1,1,0,1,0,0,0,1,0,0,0,0,1,,No Activity
Serbia,European Region of WHO,South West Europe,2009,38,14/09/2009,20/09/2009,1,1,0,0,0,0,0,0,0,0,0,0,0,,No Activity
Serbia,European Region of WHO,South West Europe,2009,39,21/09/2009,27/09/2009,0,0,0,0,0,0,0,0,0,0,0,0,0,,No Activity
Serbia,European Region of WHO,South West Europe,2009,40,28/09/2009,04/10/2009,2,2,0,1,0,0,0,1,0,0,0,0,1,,No Activity
Serbia,European Region of WHO,South West Europe,2009,41,05/10/2009,11/10/2009,8,8,0,1,0,0,0,1,0,0,0,0,1,,No Activity
Serbia,European Region of WHO,South West Europe,2009,42,12/10/2009,18/10/2009,5,5,0,0,0,0,0,0,0,0,0,0,0,,No Activity
Serbia,European Region of WHO,South West Europe,2009,43,19/10/2009,25/10/2009,6,6,0,0,0,0,0,0,0,0,0,0,0,,Sporadic
Serbia,European Region of WHO,South West Europe,2009,44,26/10/2009,01/11/2009,51,51,0,27,0,0,0,27,0,0,0,0,27,,Regional Outbreak
Serbia,European Region of WHO,South West Europe,2009,45,02/11/2009,08/11/2009,155,155,0,90,0,0,0,90,0,0,0,0,90,,Regional Outbreak
Serbia,European Region of WHO,South West Europe,2009,46,09/11/2009,15/11/2009,73,73,0,37,0,0,0,37,0,0,0,0,37,,Regional Outbreak
Serbia,European Region of WHO,South West Europe,2009,47,16/11/2009,22/11/2009,87,87,0,43,0,0,0,43,0,0,0,0,43,,Regional Outbreak
Serbia,European Region of WHO,South West Europe,2009,48,23/11/2009,29/11/2009,67,67,0,30,0,0,0,30,0,0,0,0,30,,Regional Outbreak
Serbia,European Region of WHO,South West Europe,2009,49,30/11/2009,06/12/2009,67,67,0,40,0,0,0,40,0,0,0,0,40,,Regional Outbreak
Serbia,European Region of WHO,South West Europe,2009,50,07/12/2009,13/12/2009,94,94,0,65,0,0,0,65,0,0,0,0,65,,Regional Outbreak
Serbia,European Region of WHO,South West Europe,2009,51,14/12/2009,20/12/2009,,82,0,46,0,,0,46,0,0,0,0,46,,Regional Outbreak
Serbia,European Region of WHO,South West Europe,2009,52,21/12/2009,27/12/2009,,139,0,71,0,,0,71,0,0,0,0,71,,Regional Outbreak
Serbia,European Region of WHO,South West Europe,2009,53,28/12/2009,03/01/2010,,118,0,58,0,,0,58,0,0,0,0,58,,Regional Outbreak
Serbia,European Region of WHO,South West Europe,2010,1,04/01/2010,10/01/2010,,102,0,34,0,,0,34,0,0,0,0,34,,Regional Outbreak
Serbia,European Region of WHO,South West Europe,2010,2,11/01/2010,17/01/2010,,71,0,19,0,,0,19,0,0,0,0,19,,Regional Outbreak
Serbia,European Region of WHO,South West Europe,2010,3,18/01/2010,24/01/2010,,46,0,6,0,,0,6,0,0,0,0,6,,Regional Outbreak
Serbia,European Region of WHO,South West Europe,2010,4,25/01/2010,31/01/2010,,34,0,5,0,,0,5,0,0,0,0,5,,Regional Outbreak
Serbia,European Region of WHO,South West Europe,2010,5,01/02/2010,07/02/2010,,29,0,1,0,,0,1,0,0,0,0,1,,Regional Outbreak
Serbia,European Region of WHO,South West Europe,2010,6,08/02/2010,14/02/2010,,22,0,3,0,,0,3,0,0,0,0,3,,Regional Outbreak
Serbia,European Region of WHO,South West Europe,2010,7,15/02/2010,21/02/2010,,22,0,1,0,,0,1,0,0,0,0,1,,Sporadic
Serbia,European Region of WHO,South West Europe,2010,8,22/02/2010,28/02/2010,,23,0,0,0,,1,1,0,0,0,0,1,,No Activity
Serbia,European Region of WHO,South West Europe,2010,9,01/03/2010,07/03/2010,,27,0,3,0,,0,3,0,0,0,0,3,,Sporadic
Serbia,European Region of WHO,South West Europe,2010,10,08/03/2010,14/03/2010,,22,0,0,0,,0,0,0,0,0,0,0,,No Activity
Serbia,European Region of WHO,South West Europe,2010,11,15/03/2010,21/03/2010,,10,0,0,0,,0,0,0,0,0,0,0,,No Activity
Serbia,European Region of WHO,South West Europe,2010,12,22/03/2010,28/03/2010,,7,0,0,0,,0,0,0,0,0,0,0,,No Activity
Serbia,European Region of WHO,South West Europe,2010,13,29/03/2010,04/04/2010,,4,0,0,0,,0,0,0,0,0,0,0,,No Activity
Serbia,European Region of WHO,South West Europe,2010,14,05/04/2010,11/04/2010,,7,0,0,0,,0,0,0,0,0,0,0,,No Activity
Serbia,European Region of WHO,South West Europe,2010,15,12/04/2010,18/04/2010,,2,0,0,0,,0,0,0,0,0,0,0,,No Activity
Serbia,European Region of WHO,South West Europe,2010,16,19/04/2010,25/04/2010,,4,0,1,0,,0,1,0,0,0,0,1,,No Activity
Serbia,European Region of WHO,South West Europe,2010,17,26/04/2010,02/05/2010,,4,0,0,0,,0,0,0,0,0,0,0,,No Activity
Serbia,European Region of WHO,South West Europe,2010,18,03/05/2010,09/05/2010,,3,0,0,0,,0,0,0,0,0,0,0,,No Activity
Serbia,European Region of WHO,South West Europe,2010,19,10/05/2010,16/05/2010,,3,0,0,0,,0,0,0,0,0,0,0,,No Activity
Serbia,European Region of WHO,South West Europe,2010,20,17/05/2010,23/05/2010,,1,0,0,0,,0,0,0,0,0,0,0,,No Activity
Serbia,European Region of WHO,South West Europe,2010,21,24/05/2010,30/05/2010,,4,0,0,0,,0,0,0,0,0,0,0,,No Activity
Serbia,European Region of WHO,South West Europe,2010,22,31/05/2010,06/06/2010,,2,0,0,0,,0,0,0,0,0,0,0,,No Activity
Serbia,European Region of WHO,South West Europe,2010,23,07/06/2010,13/06/2010,,3,0,0,0,,0,0,0,0,0,0,0,,No Activity
Serbia,European Region of WHO,South West Europe,2010,24,14/06/2010,20/06/2010,,3,0,0,0,,0,0,0,0,0,0,0,,No Activity
Serbia,European Region of WHO,South West Europe,2010,25,21/06/2010,27/06/2010,,7,0,0,0,,0,0,0,0,0,0,0,,No Activity
Serbia,European Region of WHO,South West Europe,2010,26,28/06/2010,04/07/2010,,4,0,0,0,,0,0,0,0,0,0,0,,No Activity
Serbia,European Region of WHO,South West Europe,2010,27,05/07/2010,11/07/2010,,10,0,0,0,,0,0,0,0,0,0,0,,No Activity
Serbia,European Region of WHO,South West Europe,2010,28,12/07/2010,18/07/2010,,2,0,0,0,,0,0,0,0,0,0,0,,No Activity
Serbia,European Region of WHO,South West Europe,2010,29,19/07/2010,25/07/2010,,2,0,0,0,,0,0,0,0,0,0,0,,No Activity
Serbia,European Region of WHO,South West Europe,2010,30,26/07/2010,01/08/2010,,1,0,0,0,,0,0,0,0,0,0,0,,No Activity
Serbia,European Region of WHO,South West Europe,2010,31,02/08/2010,08/08/2010,,1,0,0,0,,0,0,0,0,0,0,0,,No Activity
Serbia,European Region of WHO,South West Europe,2010,32,09/08/2010,15/08/2010,,2,0,0,0,,0,0,0,0,0,0,0,,No Activity
Serbia,European Region of WHO,South West Europe,2010,33,16/08/2010,22/08/2010,,1,0,0,0,,0,0,0,0,0,0,0,,No Activity
Serbia,European Region of WHO,South West Europe,2010,34,23/08/2010,29/08/2010,,4,0,0,0,,0,0,0,0,0,0,0,,No Activity
Serbia,European Region of WHO,South West Europe,2010,40,04/10/2010,10/10/2010,,2,0,0,0,,0,0,0,0,0,0,0,,No Activity
Serbia,European Region of WHO,South West Europe,2010,41,11/10/2010,17/10/2010,,4,0,0,0,,0,0,0,0,0,0,0,,No Activity
Serbia,European Region of WHO,South West Europe,2010,42,18/10/2010,24/10/2010,,5,0,0,0,,0,0,0,0,0,0,0,,No Activity
Serbia,European Region of WHO,South West Europe,2010,43,25/10/2010,31/10/2010,,6,0,0,0,,0,0,0,0,0,0,0,,No Activity
Serbia,European Region of WHO,South West Europe,2010,44,01/11/2010,07/11/2010,,3,0,0,0,,0,0,0,0,0,0,0,,No Activity
Serbia,European Region of WHO,South West Europe,2010,45,08/11/2010,14/11/2010,,2,0,0,0,,0,0,0,0,0,0,0,,No Activity
Serbia,European Region of WHO,South West Europe,2010,46,15/11/2010,21/11/2010,,3,0,0,0,,0,0,,,0,0,0,,No Activity
Serbia,European Region of WHO,South West Europe,2010,47,22/11/2010,28/11/2010,,5,0,0,0,,0,0,0,0,0,0,0,,No Activity
Serbia,European Region of WHO,South West Europe,2010,48,29/11/2010,05/12/2010,,4,0,0,0,,0,0,0,0,0,0,0,,No Activity
Serbia,European Region of WHO,South West Europe,2010,49,06/12/2010,12/12/2010,,4,0,0,0,,0,0,0,0,0,0,0,,No Activity
Serbia,European Region of WHO,South West Europe,2010,50,13/12/2010,19/12/2010,,11,0,0,4,,0,4,0,0,0,0,4,,Sporadic
Serbia,European Region of WHO,South West Europe,2010,51,20/12/2010,26/12/2010,,5,0,0,0,,0,0,0,0,0,0,0,,No Activity
Serbia,European Region of WHO,South West Europe,2010,52,27/12/2010,02/01/2011,,4,0,0,0,,0,0,0,0,0,0,0,,No Activity
Serbia,European Region of WHO,South West Europe,2011,1,03/01/2011,09/01/2011,,10,0,4,0,,0,4,0,0,0,0,4,,Sporadic
Serbia,European Region of WHO,South West Europe,2011,2,10/01/2011,16/01/2011,,49,0,12,4,,0,16,0,0,0,0,16,,Sporadic
Serbia,European Region of WHO,South West Europe,2011,3,17/01/2011,23/01/2011,,67,0,27,3,,0,30,0,0,1,1,31,,Sporadic
Serbia,European Region of WHO,South West Europe,2011,4,24/01/2011,30/01/2011,,64,0,34,2,,0,36,0,0,2,2,38,,Regional Outbreak
Serbia,European Region of WHO,South West Europe,2011,5,31/01/2011,06/02/2011,,80,0,48,7,,0,55,0,0,1,1,56,,Regional Outbreak
Serbia,European Region of WHO,South West Europe,2011,6,07/02/2011,13/02/2011,,138,0,86,6,,0,92,0,0,5,5,97,,Regional Outbreak
Serbia,European Region of WHO,South West Europe,2011,7,14/02/2011,20/02/2011,,76,0,35,1,,0,36,0,0,2,2,38,,Regional Outbreak
Serbia,European Region of WHO,South West Europe,2011,8,21/02/2011,27/02/2011,,71,0,29,3,,0,32,0,0,5,5,37,,Regional Outbreak
Serbia,European Region of WHO,South West Europe,2011,9,28/02/2011,06/03/2011,,53,0,11,4,,0,15,0,0,6,6,21,,Regional Outbreak
Serbia,European Region of WHO,South West Europe,2011,10,07/03/2011,13/03/2011,,30,0,9,3,,0,12,0,0,6,6,18,,Regional Outbreak
Serbia,European Region of WHO,South West Europe,2011,11,14/03/2011,20/03/2011,,23,0,2,2,,0,4,0,0,7,7,11,,Regional Outbreak
Serbia,European Region of WHO,South West Europe,2011,12,21/03/2011,27/03/2011,,27,0,4,0,,0,4,0,0,8,8,12,,Sporadic
Serbia,European Region of WHO,South West Europe,2011,13,28/03/2011,03/04/2011,,15,0,3,0,,0,3,0,0,3,3,6,,Sporadic
Serbia,European Region of WHO,South West Europe,2011,14,04/04/2011,10/04/2011,,7,0,0,0,,0,0,0,0,2,2,2,,Sporadic
Serbia,European Region of WHO,South West Europe,2011,15,11/04/2011,17/04/2011,,6,0,0,1,,0,1,0,0,1,1,2,,Sporadic
Serbia,European Region of WHO,South West Europe,2011,16,18/04/2011,24/04/2011,,6,0,0,0,,0,0,0,0,2,2,2,,Sporadic
Serbia,European Region of WHO,South West Europe,2011,17,25/04/2011,01/05/2011,,1,0,0,0,,0,0,0,0,0,0,0,,No Activity
Serbia,European Region of WHO,South West Europe,2011,18,02/05/2011,08/05/2011,,0,0,0,0,,0,0,0,0,0,0,0,,No Activity
Serbia,European Region of WHO,South West Europe,2011,19,09/05/2011,15/05/2011,,1,0,0,0,,0,0,0,0,0,0,0,,No Activity
Serbia,European Region of WHO,South West Europe,2011,20,16/05/2011,22/05/2011,,1,0,0,0,,0,0,0,0,0,0,0,,No Activity
Serbia,European Region of WHO,South West Europe,2011,39,26/09/2011,02/10/2011,,0,0,0,0,,0,0,0,0,0,0,0,,No Report
Serbia,European Region of WHO,South West Europe,2011,40,03/10/2011,09/10/2011,,9,0,0,6,,0,6,0,0,0,0,6,,No Activity
Serbia,European Region of WHO,South West Europe,2011,41,10/10/2011,16/10/2011,,0,0,0,0,,0,0,0,0,0,0,0,,No Activity
Serbia,European Region of WHO,South West Europe,2011,42,17/10/2011,23/10/2011,,0,0,0,0,,0,0,0,0,0,0,0,,No Activity
Serbia,European Region of WHO,South West Europe,2011,43,24/10/2011,30/10/2011,,0,0,0,0,,0,0,0,0,0,0,0,,No Activity
Serbia,European Region of WHO,South West Europe,2011,44,31/10/2011,06/11/2011,,1,0,0,0,,0,0,0,0,0,0,0,,No Activity
Serbia,European Region of WHO,South West Europe,2011,45,07/11/2011,13/11/2011,,0,0,0,0,,0,0,0,0,0,0,0,,No Activity
Serbia,European Region of WHO,South West Europe,2011,46,14/11/2011,20/11/2011,,0,0,0,0,,0,0,0,0,0,0,0,,No Activity
Serbia,European Region of WHO,South West Europe,2011,47,21/11/2011,27/11/2011,,0,0,0,0,,0,0,0,0,0,0,0,,No Activity
Serbia,European Region of WHO,South West Europe,2011,48,28/11/2011,04/12/2011,,0,0,0,0,,0,0,0,0,0,0,0,,No Activity
Serbia,European Region of WHO,South West Europe,2011,49,05/12/2011,11/12/2011,,3,0,0,1,,0,1,0,0,0,0,1,,No Activity
Serbia,European Region of WHO,South West Europe,2011,50,12/12/2011,18/12/2011,,0,0,0,0,,0,0,0,0,0,0,0,,No Activity
Serbia,European Region of WHO,South West Europe,2011,51,19/12/2011,25/12/2011,,4,0,0,4,,0,4,0,0,0,0,4,,Sporadic
Serbia,European Region of WHO,South West Europe,2011,52,26/12/2011,01/01/2012,,6,0,0,5,,0,5,0,0,0,0,5,,Sporadic
Serbia,European Region of WHO,South West Europe,2012,1,02/01/2012,08/01/2012,,0,0,0,0,,0,0,0,0,0,0,0,,No Activity
Serbia,European Region of WHO,South West Europe,2012,2,09/01/2012,15/01/2012,,1,0,0,0,,0,0,0,0,0,0,0,,No Activity
Serbia,European Region of WHO,South West Europe,2012,3,16/01/2012,22/01/2012,,6,0,0,1,,0,1,0,0,0,0,1,,Sporadic
Serbia,European Region of WHO,South West Europe,2012,4,23/01/2012,29/01/2012,,4,0,0,2,,0,2,0,0,0,0,2,,Sporadic
Serbia,European Region of WHO,South West Europe,2012,5,30/01/2012,05/02/2012,,5,0,0,1,,0,1,0,0,0,0,1,,Sporadic
Serbia,European Region of WHO,South West Europe,2012,6,06/02/2012,12/02/2012,,0,0,0,0,,0,0,0,0,0,0,0,,No Activity
Serbia,European Region of WHO,South West Europe,2012,7,13/02/2012,19/02/2012,,2,0,0,0,,0,0,0,0,0,0,0,,No Activity
Serbia,European Region of WHO,South West Europe,2012,8,20/02/2012,26/02/2012,,2,0,0,2,,0,2,0,0,0,0,2,,Sporadic
Serbia,European Region of WHO,South West Europe,2012,9,27/02/2012,04/03/2012,,11,0,0,11,,0,11,0,0,0,0,11,,Sporadic
Serbia,European Region of WHO,South West Europe,2012,10,05/03/2012,11/03/2012,,23,0,0,18,,0,18,0,0,0,0,18,,Local Outbreak
Serbia,European Region of WHO,South West Europe,2012,11,12/03/2012,18/03/2012,,26,0,0,17,,0,17,0,0,0,0,17,,Regional Outbreak
Serbia,European Region of WHO,South West Europe,2012,12,19/03/2012,25/03/2012,,22,0,0,16,,0,16,0,0,0,0,16,,Regional Outbreak
Serbia,European Region of WHO,South West Europe,2012,13,26/03/2012,01/04/2012,,16,0,0,13,,0,13,0,0,1,1,14,,Local Outbreak
Serbia,European Region of WHO,South West Europe,2012,14,02/04/2012,08/04/2012,,9,0,0,6,,0,6,0,0,0,0,6,,Local Outbreak
Serbia,European Region of WHO,South West Europe,2012,15,09/04/2012,15/04/2012,,5,0,0,4,,1,5,0,0,0,0,5,,Sporadic
Serbia,European Region of WHO,South West Europe,2012,16,16/04/2012,22/04/2012,,1,0,0,0,,0,0,0,0,0,0,0,,No Activity
Serbia,European Region of WHO,South West Europe,2012,17,23/04/2012,29/04/2012,,11,0,0,7,,0,7,1,0,0,1,8,,No Activity
Serbia,European Region of WHO,South West Europe,2012,18,30/04/2012,06/05/2012,,2,0,0,0,,0,0,0,0,0,0,0,,Sporadic
Serbia,European Region of WHO,South West Europe,2012,19,07/05/2012,13/05/2012,,0,0,0,0,,0,0,0,0,0,0,0,,No Activity
Serbia,European Region of WHO,South West Europe,2012,20,14/05/2012,20/05/2012,,0,0,0,0,,0,0,0,0,0,0,0,,No Activity
Serbia,European Region of WHO,South West Europe,2012,39,24/09/2012,30/09/2012,,0,0,0,0,,0,0,0,0,0,0,0,,No Report
Serbia,European Region of WHO,South West Europe,2012,40,01/10/2012,07/10/2012,,1,0,0,0,,0,0,0,0,0,0,0,,No Activity
Serbia,European Region of WHO,South West Europe,2012,41,08/10/2012,14/10/2012,,0,0,0,0,,0,0,0,0,0,0,0,,No Activity
Serbia,European Region of WHO,South West Europe,2012,42,15/10/2012,21/10/2012,,2,0,0,0,,0,0,0,0,0,0,0,,No Activity
Serbia,European Region of WHO,South West Europe,2012,43,22/10/2012,28/10/2012,,0,0,0,0,,0,0,0,0,0,0,0,,No Activity
Serbia,European Region of WHO,South West Europe,2012,44,29/10/2012,04/11/2012,,0,0,0,0,,0,0,0,0,0,0,0,,No Activity
Serbia,European Region of WHO,South West Europe,2012,45,05/11/2012,11/11/2012,,1,0,0,0,,0,0,0,0,0,0,0,,No Activity
Serbia,European Region of WHO,South West Europe,2012,46,12/11/2012,18/11/2012,,4,0,0,0,,0,0,0,0,0,0,0,,No Activity
Serbia,European Region of WHO,South West Europe,2012,47,19/11/2012,25/11/2012,,8,0,0,0,,0,0,0,0,0,0,0,,No Activity
Serbia,European Region of WHO,South West Europe,2012,48,26/11/2012,02/12/2012,,5,0,0,0,,0,0,0,0,0,0,0,,No Activity
Serbia,European Region of WHO,South West Europe,2012,49,03/12/2012,09/12/2012,,4,0,0,0,,0,0,0,0,0,0,0,,No Activity
Serbia,European Region of WHO,South West Europe,2012,50,10/12/2012,16/12/2012,,2,0,0,0,,0,0,0,0,0,0,0,,No Activity
Serbia,European Region of WHO,South West Europe,2012,51,17/12/2012,23/12/2012,,2,0,0,1,,0,1,0,0,0,0,1,,Sporadic
Serbia,European Region of WHO,South West Europe,2012,52,24/12/2012,30/12/2012,,8,0,0,0,,0,0,0,0,0,0,0,,No Activity
Serbia,European Region of WHO,South West Europe,2013,1,31/12/2012,06/01/2013,,3,0,0,0,,0,0,0,0,0,0,0,,No Activity
Serbia,European Region of WHO,South West Europe,2013,2,07/01/2013,13/01/2013,,9,0,2,0,,0,2,0,0,1,1,3,,Sporadic
Serbia,European Region of WHO,South West Europe,2013,3,14/01/2013,20/01/2013,,38,0,7,5,,2,14,0,0,2,2,16,,Sporadic
Serbia,European Region of WHO,South West Europe,2013,4,21/01/2013,27/01/2013,,35,0,7,3,,0,10,0,0,4,4,14,,Sporadic
Serbia,European Region of WHO,South West Europe,2013,5,28/01/2013,03/02/2013,,47,0,9,1,,2,12,0,0,11,11,23,,Regional Outbreak
Serbia,European Region of WHO,South West Europe,2013,6,04/02/2013,10/02/2013,,51,0,10,9,,0,19,0,0,11,11,30,,Widespread Outbreak
Serbia,European Region of WHO,South West Europe,2013,7,11/02/2013,17/02/2013,,104,0,31,5,,1,37,0,0,29,29,66,,Widespread Outbreak
Serbia,European Region of WHO,South West Europe,2013,8,18/02/2013,24/02/2013,,73,0,14,3,,3,20,0,0,21,21,41,,Widespread Outbreak
Serbia,European Region of WHO,South West Europe,2013,9,25/02/2013,03/03/2013,,55,0,5,3,,0,8,0,0,21,21,29,,Widespread Outbreak
Serbia,European Region of WHO,South West Europe,2013,10,04/03/2013,10/03/2013,,44,0,7,2,,2,11,0,0,14,14,25,,Widespread Outbreak
Serbia,European Region of WHO,South West Europe,2013,11,11/03/2013,17/03/2013,,38,0,4,3,,0,7,0,0,3,3,10,,Regional Outbreak
Serbia,European Region of WHO,South West Europe,2013,12,18/03/2013,24/03/2013,,24,0,2,0,,0,2,0,0,5,5,7,,Regional Outbreak
Serbia,European Region of WHO,South West Europe,2013,13,25/03/2013,31/03/2013,,14,0,1,0,,0,1,0,0,2,2,3,,No Report
Serbia,European Region of WHO,South West Europe,2013,14,01/04/2013,07/04/2013,,12,0,0,1,,0,1,0,0,2,2,3,,Sporadic
Serbia,European Region of WHO,South West Europe,2013,15,08/04/2013,14/04/2013,,5,0,0,0,,0,0,0,0,1,1,1,,Sporadic
Serbia,European Region of WHO,South West Europe,2013,16,15/04/2013,21/04/2013,,7,0,0,0,,0,0,0,0,3,3,3,,Sporadic
Serbia,European Region of WHO,South West Europe,2013,17,22/04/2013,28/04/2013,,11,0,0,0,,0,0,0,0,0,0,0,,No Activity
Serbia,European Region of WHO,South West Europe,2013,18,29/04/2013,05/05/2013,,0,0,0,0,,0,0,0,0,0,0,0,,No Activity
Serbia,European Region of WHO,South West Europe,2013,19,06/05/2013,12/05/2013,,3,0,0,0,,0,0,0,0,0,0,0,,No Activity
Serbia,European Region of WHO,South West Europe,2013,20,13/05/2013,19/05/2013,,3,0,0,0,,0,0,0,0,0,0,0,,No Activity
Serbia,European Region of WHO,South West Europe,2013,41,07/10/2013,13/10/2013,,2,0,0,0,,0,0,0,0,0,0,0,,No Activity
Serbia,European Region of WHO,South West Europe,2013,42,14/10/2013,20/10/2013,,0,0,0,0,,0,0,0,0,0,0,0,,No Activity
Serbia,European Region of WHO,South West Europe,2013,43,21/10/2013,27/10/2013,,1,0,0,0,,0,0,0,0,0,0,0,,No Activity
Serbia,European Region of WHO,South West Europe,2013,44,28/10/2013,03/11/2013,,2,0,0,0,,0,0,0,0,0,0,0,,No Activity
Serbia,European Region of WHO,South West Europe,2013,45,04/11/2013,10/11/2013,,0,0,0,0,,0,0,0,0,0,0,0,,No Activity
Serbia,European Region of WHO,South West Europe,2013,46,11/11/2013,17/11/2013,,1,0,0,0,,0,0,0,0,0,0,0,,No Activity
Serbia,European Region of WHO,South West Europe,2013,47,18/11/2013,24/11/2013,,4,0,0,0,,0,0,0,0,0,0,0,,No Activity
Serbia,European Region of WHO,South West Europe,2013,48,25/11/2013,01/12/2013,,14,0,0,0,,0,0,0,0,0,0,0,,No Activity
Serbia,European Region of WHO,South West Europe,2013,49,02/12/2013,08/12/2013,,6,0,0,0,,0,0,0,0,0,0,0,,No Activity
Serbia,European Region of WHO,South West Europe,2013,50,09/12/2013,15/12/2013,,5,0,0,0,,0,0,0,0,0,0,0,,No Activity
Serbia,European Region of WHO,South West Europe,2013,51,16/12/2013,22/12/2013,,5,0,0,0,,0,0,0,0,0,0,0,,No Activity
Serbia,European Region of WHO,South West Europe,2013,52,23/12/2013,29/12/2013,,12,0,0,0,,0,0,0,0,0,0,0,,No Activity
Serbia,European Region of WHO,South West Europe,2014,1,30/12/2013,05/01/2014,,0,0,0,0,,0,0,0,0,0,0,0,,No Activity
Serbia,European Region of WHO,South West Europe,2014,2,06/01/2014,12/01/2014,,5,0,1,0,,0,1,0,0,0,0,1,,No Activity
Serbia,European Region of WHO,South West Europe,2014,3,13/01/2014,19/01/2014,,17,0,0,2,,0,2,0,0,0,0,2,,Sporadic
Serbia,European Region of WHO,South West Europe,2014,4,20/01/2014,26/01/2014,,17,0,1,2,,0,3,0,0,0,0,3,,Sporadic
Serbia,European Region of WHO,South West Europe,2014,5,27/01/2014,02/02/2014,,23,0,0,2,,0,2,0,0,0,0,2,,Sporadic
Serbia,European Region of WHO,South West Europe,2014,6,03/02/2014,09/02/2014,,10,0,0,3,,0,3,0,0,0,0,3,,Sporadic
Serbia,European Region of WHO,South West Europe,2014,7,10/02/2014,16/02/2014,,32,0,5,15,,0,20,0,0,0,0,20,,Sporadic
Serbia,European Region of WHO,South West Europe,2014,8,17/02/2014,23/02/2014,,14,0,1,5,,0,6,0,0,0,0,6,,Sporadic
Serbia,European Region of WHO,South West Europe,2014,9,24/02/2014,02/03/2014,,33,0,4,11,,0,15,0,0,0,0,15,,Sporadic
Serbia,European Region of WHO,South West Europe,2014,10,03/03/2014,09/03/2014,,31,0,1,11,,0,12,0,0,0,0,12,,Sporadic
Serbia,European Region of WHO,South West Europe,2014,11,10/03/2014,16/03/2014,,25,0,4,11,,0,15,0,0,0,0,15,,Sporadic
Serbia,European Region of WHO,South West Europe,2014,12,17/03/2014,23/03/2014,,19,0,4,12,,0,16,0,0,0,0,16,,Sporadic
Serbia,European Region of WHO,South West Europe,2014,13,24/03/2014,30/03/2014,,41,0,6,11,,3,20,0,0,0,0,20,,Sporadic
Serbia,European Region of WHO,South West Europe,2014,14,31/03/2014,06/04/2014,,19,0,3,6,,0,9,0,0,0,0,9,,Sporadic
Serbia,European Region of WHO,South West Europe,2014,15,07/04/2014,13/04/2014,,10,0,1,4,,0,5,0,0,0,0,5,,Sporadic
Serbia,European Region of WHO,South West Europe,2014,16,14/04/2014,20/04/2014,,5,0,0,2,,1,3,0,0,0,0,3,,Sporadic
Serbia,European Region of WHO,South West Europe,2014,17,21/04/2014,27/04/2014,,2,0,1,0,,0,1,0,0,0,0,1,,Sporadic
Serbia,European Region of WHO,South West Europe,2014,18,28/04/2014,04/05/2014,,4,0,0,0,,0,0,0,0,0,0,0,,No Activity
Serbia,European Region of WHO,South West Europe,2014,19,05/05/2014,11/05/2014,,5,0,0,1,,0,1,0,0,0,0,1,,Sporadic
Serbia,European Region of WHO,South West Europe,2014,20,12/05/2014,18/05/2014,,1,0,0,0,,0,0,0,0,0,0,0,,Sporadic
Serbia,European Region of WHO,South West Europe,2014,39,22/09/2014,28/09/2014,,8,0,0,1,,0,1,0,0,0,0,1,,No Report
Serbia,European Region of WHO,South West Europe,2014,40,29/09/2014,05/10/2014,,8,0,0,1,,0,1,0,0,0,0,1,,No Report
Serbia,European Region of WHO,South West Europe,2014,41,06/10/2014,12/10/2014,,4,0,0,0,,0,0,0,0,0,0,0,,No Report
Serbia,European Region of WHO,South West Europe,2014,42,13/10/2014,19/10/2014,,5,0,0,0,,0,0,0,0,0,0,0,,No Report
Serbia,European Region of WHO,South West Europe,2014,43,20/10/2014,26/10/2014,,2,0,0,0,,0,0,0,0,0,0,0,,No Report
Serbia,European Region of WHO,South West Europe,2014,44,27/10/2014,02/11/2014,,10,0,0,0,,0,0,0,0,0,0,0,,No Report
Serbia,European Region of WHO,South West Europe,2014,45,03/11/2014,09/11/2014,,8,0,0,0,,0,0,0,0,0,0,0,,No Report
Serbia,European Region of WHO,South West Europe,2014,46,10/11/2014,16/11/2014,,4,0,0,0,,0,0,0,0,0,0,0,,No Report
Serbia,European Region of WHO,South West Europe,2014,47,17/11/2014,23/11/2014,,4,0,0,0,,0,0,0,0,0,0,0,,No Report
Serbia,European Region of WHO,South West Europe,2014,48,24/11/2014,30/11/2014,,14,0,0,0,,0,0,0,0,0,0,0,,No Report
Serbia,European Region of WHO,South West Europe,2014,49,01/12/2014,07/12/2014,,4,0,0,0,,0,0,0,0,0,0,0,,No Report
Serbia,European Region of WHO,South West Europe,2014,50,08/12/2014,14/12/2014,,4,0,0,0,,0,0,0,0,0,0,0,,No Report
Serbia,European Region of WHO,South West Europe,2014,51,15/12/2014,21/12/2014,,11,0,0,0,,0,0,0,0,0,0,0,,No Report
Serbia,European Region of WHO,South West Europe,2014,52,22/12/2014,28/12/2014,,4,0,0,0,,0,0,0,0,0,0,0,,No Report
Serbia,European Region of WHO,South West Europe,2015,1,29/12/2014,04/01/2015,,2,0,0,0,,0,0,0,0,0,0,0,,No Report
Serbia,European Region of WHO,South West Europe,2015,2,05/01/2015,11/01/2015,,3,0,0,0,,0,0,0,0,0,0,0,,No Report
Serbia,European Region of WHO,South West Europe,2015,3,12/01/2015,18/01/2015,,8,0,1,0,,1,2,0,0,0,0,2,,No Report
Serbia,European Region of WHO,South West Europe,2015,4,19/01/2015,25/01/2015,,22,0,5,5,,1,11,0,0,0,0,11,,No Report
Serbia,European Region of WHO,South West Europe,2015,5,26/01/2015,01/02/2015,,38,0,14,8,,0,22,0,0,0,0,22,,No Report
Serbia,European Region of WHO,South West Europe,2015,6,02/02/2015,08/02/2015,,43,0,17,9,,0,26,0,0,0,0,26,,No Report
Serbia,European Region of WHO,South West Europe,2015,7,09/02/2015,15/02/2015,,66,0,25,22,,2,49,0,0,2,2,51,,No Report
Serbia,European Region of WHO,South West Europe,2015,8,16/02/2015,22/02/2015,,40,0,20,7,,0,27,0,0,1,1,28,,No Report
Serbia,European Region of WHO,South West Europe,2015,9,23/02/2015,01/03/2015,,107,0,33,25,,1,59,0,0,8,8,67,,No Report
Serbia,European Region of WHO,South West Europe,2015,10,02/03/2015,08/03/2015,,76,0,21,13,,0,34,0,0,6,6,40,,No Report
Serbia,European Region of WHO,South West Europe,2015,11,09/03/2015,15/03/2015,,98,0,26,20,,2,48,0,0,10,10,58,,No Report
Serbia,European Region of WHO,South West Europe,2015,12,16/03/2015,22/03/2015,,76,0,11,15,,2,28,0,0,10,10,38,,No Report
Serbia,European Region of WHO,South West Europe,2015,13,23/03/2015,29/03/2015,,65,0,11,10,,1,22,0,0,8,8,30,,No Report
Serbia,European Region of WHO,South West Europe,2015,14,30/03/2015,05/04/2015,,54,0,4,3,,1,8,0,0,15,15,23,,No Report
Serbia,European Region of WHO,South West Europe,2015,15,06/04/2015,12/04/2015,,26,0,1,3,,1,5,0,0,8,8,13,,No Report
Serbia,European Region of WHO,South West Europe,2015,16,13/04/2015,19/04/2015,,24,0,0,3,,0,3,0,0,8,8,11,,No Report
Serbia,European Region of WHO,South West Europe,2015,17,20/04/2015,26/04/2015,,9,0,0,0,,0,0,0,0,5,5,5,,No Report
Serbia,European Region of WHO,South West Europe,2015,18,27/04/2015,03/05/2015,,8,0,0,0,,0,0,0,0,2,2,2,,No Report
Serbia,European Region of WHO,South West Europe,2015,19,04/05/2015,10/05/2015,,7,0,0,0,,0,0,0,0,1,1,1,,No Report
Serbia,European Region of WHO,South West Europe,2015,20,11/05/2015,17/05/2015,,1,0,0,0,,0,0,0,0,0,0,0,,No Report
Serbia,European Region of WHO,South West Europe,2015,45,02/11/2015,08/11/2015,,7,0,0,0,,0,0,0,0,0,0,0,,No Report
Serbia,European Region of WHO,South West Europe,2015,46,09/11/2015,15/11/2015,,11,0,0,0,,0,0,0,0,0,0,0,,No Report
Serbia,European Region of WHO,South West Europe,2015,47,16/11/2015,22/11/2015,,8,0,0,0,,0,0,0,0,0,0,0,,No Report
Serbia,European Region of WHO,South West Europe,2015,48,23/11/2015,29/11/2015,,3,0,0,0,,0,0,0,0,0,0,0,,No Report
Serbia,European Region of WHO,South West Europe,2015,49,30/11/2015,06/12/2015,,2,0,0,0,,0,0,0,0,0,0,0,,No Report
Serbia,European Region of WHO,South West Europe,2015,50,07/12/2015,13/12/2015,,5,0,0,0,,0,0,0,0,0,0,0,,No Report
Serbia,European Region of WHO,South West Europe,2015,51,14/12/2015,20/12/2015,,7,0,0,0,,0,0,0,0,0,0,0,,No Report
Serbia,European Region of WHO,South West Europe,2015,52,21/12/2015,27/12/2015,,10,0,0,0,,0,0,0,0,0,0,0,,No Report
Serbia,European Region of WHO,South West Europe,2015,53,28/12/2015,03/01/2016,,5,0,0,0,,0,0,0,0,0,0,0,,No Report
Serbia,European Region of WHO,South West Europe,2016,1,04/01/2016,10/01/2016,,6,0,3,0,,0,3,0,0,0,0,3,,No Report
Serbia,European Region of WHO,South West Europe,2016,2,11/01/2016,17/01/2016,,27,0,5,0,,0,5,0,0,1,1,6,,No Report
Serbia,European Region of WHO,South West Europe,2016,3,18/01/2016,24/01/2016,,34,0,15,0,,0,15,0,0,1,1,16,,No Report
Serbia,European Region of WHO,South West Europe,2016,4,25/01/2016,31/01/2016,,49,0,10,0,,0,10,0,0,4,4,14,,No Report
Serbia,European Region of WHO,South West Europe,2016,5,01/02/2016,07/02/2016,,55,0,23,0,,0,23,0,0,3,3,26,,No Report
Serbia,European Region of WHO,South West Europe,2016,6,08/02/2016,14/02/2016,,82,0,24,4,,0,28,0,0,8,8,36,,No Report
Serbia,European Region of WHO,South West Europe,2016,7,15/02/2016,21/02/2016,,34,0,9,2,,0,11,0,0,3,3,14,,No Report
Serbia,European Region of WHO,South West Europe,2016,8,22/02/2016,28/02/2016,,56,0,20,2,,0,22,0,0,11,11,33,,No Report
Serbia,European Region of WHO,South West Europe,2016,9,29/02/2016,06/03/2016,,70,0,18,7,,0,25,0,0,19,19,44,,No Report
Serbia,European Region of WHO,South West Europe,2016,10,07/03/2016,13/03/2016,,93,0,18,8,,0,26,0,0,24,24,50,,No Report
Serbia,European Region of WHO,South West Europe,2016,11,14/03/2016,20/03/2016,,86,0,15,3,,0,18,0,0,17,17,35,,No Report
Serbia,European Region of WHO,South West Europe,2016,12,21/03/2016,27/03/2016,,98,0,23,2,,1,26,0,0,28,28,54,,No Report
Serbia,European Region of WHO,South West Europe,2016,13,28/03/2016,03/04/2016,,95,0,22,1,,1,24,0,0,33,33,57,,No Report
Serbia,European Region of WHO,South West Europe,2016,14,04/04/2016,10/04/2016,,64,0,14,5,,0,19,0,0,20,20,39,,No Report
Serbia,European Region of WHO,South West Europe,2016,15,11/04/2016,17/04/2016,,52,0,10,0,,1,11,0,0,15,15,26,,No Report
Serbia,European Region of WHO,South West Europe,2016,16,18/04/2016,24/04/2016,,9,0,1,0,,0,1,0,0,1,1,2,,No Report
Serbia,European Region of WHO,South West Europe,2016,17,25/04/2016,01/05/2016,,10,0,0,1,,0,1,0,0,1,1,2,,No Report
Serbia,European Region of WHO,South West Europe,2016,18,02/05/2016,08/05/2016,,9,0,0,0,,0,0,0,0,4,4,4,,No Report
Serbia,European Region of WHO,South West Europe,2016,19,09/05/2016,15/05/2016,,3,0,0,0,,0,0,0,0,0,0,0,,No Report
Serbia,European Region of WHO,South West Europe,2016,20,16/05/2016,22/05/2016,,2,0,0,0,,0,0,0,0,0,0,0,,No Report
Serbia,European Region of WHO,South West Europe,2016,41,10/10/2016,16/10/2016,,1,0,0,0,,0,0,0,0,0,0,0,,No Report
Serbia,European Region of WHO,South West Europe,2016,42,17/10/2016,23/10/2016,,2,0,0,0,,0,0,0,0,0,0,0,,No Report
Serbia,European Region of WHO,South West Europe,2016,43,24/10/2016,30/10/2016,,1,0,0,0,,0,0,0,0,0,0,0,,No Report
Serbia,European Region of WHO,South West Europe,2016,44,31/10/2016,06/11/2016,,1,0,0,0,,0,0,0,0,0,0,0,,No Report
Serbia,European Region of WHO,South West Europe,2016,45,07/11/2016,13/11/2016,,9,0,0,0,,0,0,0,0,0,0,0,,No Report
Serbia,European Region of WHO,South West Europe,2016,46,14/11/2016,20/11/2016,,5,0,0,0,,0,0,0,0,0,0,0,,No Report
Serbia,European Region of WHO,South West Europe,2016,47,21/11/2016,27/11/2016,,4,0,0,0,,0,0,0,0,0,0,0,,No Report
Serbia,European Region of WHO,South West Europe,2016,48,28/11/2016,04/12/2016,,5,0,0,0,,0,0,0,0,0,0,0,,No Report
Serbia,European Region of WHO,South West Europe,2016,49,05/12/2016,11/12/2016,,19,0,0,9,,0,9,0,0,0,0,9,,No Report
Serbia,European Region of WHO,South West Europe,2016,50,12/12/2016,18/12/2016,,108,0,0,82,,0,82,0,0,2,2,84,,No Report
Serbia,European Region of WHO,South West Europe,2016,51,19/12/2016,25/12/2016,,156,0,0,109,,0,109,0,0,0,0,109,,No Report
Serbia,European Region of WHO,South West Europe,2016,52,26/12/2016,01/01/2017,,224,0,0,158,,4,162,0,0,0,0,162,,No Report
Serbia,European Region of WHO,South West Europe,2017,1,02/01/2017,08/01/2017,,129,0,0,61,,16,77,0,0,0,0,77,,No Report
Serbia,European Region of WHO,South West Europe,2017,2,09/01/2017,15/01/2017,,1,0,0,0,,0,0,0,0,0,0,0,,No Report
Serbia,European Region of WHO,South West Europe,2017,3,16/01/2017,22/01/2017,,0,0,0,0,,0,0,0,0,0,0,0,,No Report
Serbia,European Region of WHO,South West Europe,2017,4,23/01/2017,29/01/2017,,8,0,0,0,,0,0,0,0,0,0,0,,No Report
Serbia,European Region of WHO,South West Europe,2017,5,30/01/2017,05/02/2017,,1,0,0,0,,0,0,0,0,0,0,0,,No Report
Serbia,European Region of WHO,South West Europe,2017,6,06/02/2017,12/02/2017,,9,0,0,0,,0,0,0,0,0,0,0,,No Report
Serbia,European Region of WHO,South West Europe,2017,7,13/02/2017,19/02/2017,,14,0,0,4,,0,4,0,0,1,1,5,,No Report
Serbia,European Region of WHO,South West Europe,2017,8,20/02/2017,26/02/2017,,41,0,0,11,,0,11,0,0,0,0,11,,No Report
Serbia,European Region of WHO,South West Europe,2017,9,27/02/2017,05/03/2017,,14,0,0,2,,0,2,0,0,2,2,4,,No Report
Serbia,European Region of WHO,South West Europe,2017,10,06/03/2017,12/03/2017,,15,0,1,1,,0,2,0,0,0,0,2,,No Report
Serbia,European Region of WHO,South West Europe,2017,11,13/03/2017,19/03/2017,,5,0,0,0,,0,0,0,0,0,0,0,,No Report
Serbia,European Region of WHO,South West Europe,2017,12,20/03/2017,26/03/2017,,5,0,0,0,,0,0,0,0,0,0,0,,No Report
Serbia,European Region of WHO,South West Europe,2017,13,27/03/2017,02/04/2017,,6,0,0,0,,0,0,0,0,0,0,0,,No Report
Serbia,European Region of WHO,South West Europe,2017,14,03/04/2017,09/04/2017,,3,0,0,0,,0,0,0,0,0,0,0,,No Report
Serbia,European Region of WHO,South West Europe,2017,15,10/04/2017,16/04/2017,,2,0,0,0,,0,0,0,0,0,0,0,,No Report
Serbia,European Region of WHO,South West Europe,2017,16,17/04/2017,23/04/2017,,3,0,0,0,,0,0,0,0,0,0,0,,No Report
Serbia,European Region of WHO,South West Europe,2017,17,24/04/2017,30/04/2017,,3,0,0,0,,0,0,0,0,0,0,0,,No Report
Serbia,European Region of WHO,South West Europe,2017,18,01/05/2017,07/05/2017,,0,0,0,0,,0,0,0,0,0,0,0,,No Report
Serbia,European Region of WHO,South West Europe,2017,19,08/05/2017,14/05/2017,,1,0,0,0,,0,0,0,0,0,0,0,,No Report
Serbia,European Region of WHO,South West Europe,2017,20,15/05/2017,21/05/2017,,0,0,0,0,,0,0,0,0,0,0,0,,No Report
Serbia,European Region of WHO,South West Europe,2017,40,02/10/2017,08/10/2017,,4,0,0,0,,0,0,0,0,0,0,0,,No Report
Serbia,European Region of WHO,South West Europe,2017,41,09/10/2017,15/10/2017,,0,0,0,0,,0,0,0,0,0,0,0,,No Report
Serbia,European Region of WHO,South West Europe,2017,42,16/10/2017,22/10/2017,,3,0,0,0,,0,0,0,0,0,0,0,,No Report
Serbia,European Region of WHO,South West Europe,2017,43,23/10/2017,29/10/2017,,8,0,0,0,,0,0,0,0,0,0,0,,No Report
Serbia,European Region of WHO,South West Europe,2017,44,30/10/2017,05/11/2017,11,12,0,0,0,0,0,0,0,0,0,0,0,11,No Activity
Serbia,European Region of WHO,South West Europe,2017,45,06/11/2017,12/11/2017,7,15,0,0,0,0,0,0,0,0,0,0,0,7,No Activity
Serbia,European Region of WHO,South West Europe,2017,46,13/11/2017,19/11/2017,5,10,0,0,0,0,0,0,0,0,0,0,0,5,Sporadic
Serbia,European Region of WHO,South West Europe,2017,47,20/11/2017,26/11/2017,0,1,0,0,0,0,0,0,0,0,0,0,0,0,Sporadic
Serbia,European Region of WHO,South West Europe,2017,48,27/11/2017,03/12/2017,1,3,0,0,0,0,0,0,0,0,0,0,0,1,Sporadic
Serbia,European Region of WHO,South West Europe,2017,49,04/12/2017,10/12/2017,1,3,0,0,0,0,0,0,0,0,0,0,0,1,Sporadic
Serbia,European Region of WHO,South West Europe,2017,50,11/12/2017,17/12/2017,5,12,0,0,0,0,0,0,2,0,4,6,6,3,Sporadic
Serbia,European Region of WHO,South West Europe,2017,51,18/12/2017,24/12/2017,19,39,0,2,0,0,0,2,8,0,9,17,19,10,Sporadic
Serbia,European Region of WHO,South West Europe,2017,52,25/12/2017,31/12/2017,19,38,0,2,0,0,0,2,12,0,12,24,26,6,Sporadic
Serbia,European Region of WHO,South West Europe,2018,1,01/01/2018,07/01/2018,26,60,0,5,0,0,0,5,9,0,8,17,22,15,Sporadic
Serbia,European Region of WHO,South West Europe,2018,2,08/01/2018,14/01/2018,54,88,0,3,0,0,0,3,22,0,12,34,37,31,Sporadic
Serbia,European Region of WHO,South West Europe,2018,3,15/01/2018,21/01/2018,94,152,0,4,0,0,0,4,47,0,37,84,88,41,Sporadic
Serbia,European Region of WHO,South West Europe,2018,4,22/01/2018,28/01/2018,95,177,0,7,0,0,3,10,50,0,43,93,103,41,Local Outbreak
Serbia,European Region of WHO,South West Europe,2018,5,29/01/2018,04/02/2018,109,182,0,24,0,0,0,24,52,0,48,100,124,38,Regional Outbreak
Serbia,European Region of WHO,South West Europe,2018,6,05/02/2018,11/02/2018,126,211,0,22,0,0,1,23,59,0,39,98,121,54,Regional Outbreak
Serbia,European Region of WHO,South West Europe,2018,7,12/02/2018,18/02/2018,62,120,0,7,1,0,0,8,28,0,30,58,66,28,Regional Outbreak
Serbia,European Region of WHO,South West Europe,2018,8,19/02/2018,25/02/2018,102,164,0,14,0,0,2,16,38,0,23,61,77,56,Local Outbreak
Serbia,European Region of WHO,South West Europe,2018,9,26/02/2018,04/03/2018,69,111,0,19,0,0,0,19,22,0,18,40,59,33,Local Outbreak
Serbia,European Region of WHO,South West Europe,2018,10,05/03/2018,11/03/2018,46,82,0,14,0,0,0,14,7,0,8,15,29,28,Local Outbreak
Serbia,European Region of WHO,South West Europe,2018,11,12/03/2018,18/03/2018,44,64,0,10,0,0,0,10,6,0,4,10,20,32,Local Outbreak
Serbia,European Region of WHO,South West Europe,2018,12,19/03/2018,25/03/2018,38,51,0,9,0,0,1,10,4,0,0,4,14,29,Sporadic
Serbia,European Region of WHO,South West Europe,2018,13,26/03/2018,01/04/2018,45,66,0,22,0,0,0,22,7,0,1,8,30,24,Sporadic
Serbia,European Region of WHO,South West Europe,2018,14,02/04/2018,08/04/2018,31,55,0,16,0,0,0,16,3,0,2,5,21,19,Sporadic
Serbia,European Region of WHO,South West Europe,2018,15,09/04/2018,15/04/2018,26,47,0,16,0,0,0,16,0,0,0,0,16,19,Sporadic
Serbia,European Region of WHO,South West Europe,2018,16,16/04/2018,22/04/2018,11,21,0,1,0,0,0,1,0,0,0,0,1,11,Sporadic
Serbia,European Region of WHO,South West Europe,2018,17,23/04/2018,29/04/2018,12,19,0,0,0,0,0,0,0,0,0,0,0,12,No Activity
Serbia,European Region of WHO,South West Europe,2018,18,30/04/2018,06/05/2018,0,2,0,0,0,0,0,0,0,0,0,0,0,0,No Activity
Serbia,European Region of WHO,South West Europe,2018,19,07/05/2018,13/05/2018,2,4,0,0,0,0,0,0,0,0,0,0,0,2,No Report
Serbia,European Region of WHO,South West Europe,2018,20,14/05/2018,20/05/2018,0,1,0,0,0,0,0,0,0,0,0,0,0,0,No Report
Serbia,European Region of WHO,South West Europe,2018,21,21/05/2018,27/05/2018,2,2,,0,0,0,0,0,0,0,0,0,0,2,No Report
Serbia,European Region of WHO,South West Europe,2018,22,28/05/2018,03/06/2018,1,1,,0,0,0,0,0,0,0,0,0,0,1,No Report
Serbia,European Region of WHO,South West Europe,2018,23,04/06/2018,10/06/2018,1,1,,0,0,0,0,0,0,0,0,0,0,1,No Report
Serbia,European Region of WHO,South West Europe,2018,24,11/06/2018,17/06/2018,0,0,,0,0,0,0,0,0,0,0,0,0,0,No Report
Serbia,European Region of WHO,South West Europe,2018,25,18/06/2018,24/06/2018,0,0,,0,0,0,0,0,0,0,0,0,0,0,No Report
Serbia,European Region of WHO,South West Europe,2018,26,25/06/2018,01/07/2018,1,1,,0,0,0,0,0,0,0,0,0,0,1,No Report
Serbia,European Region of WHO,South West Europe,2018,27,02/07/2018,08/07/2018,0,0,,0,0,0,0,0,0,0,0,0,0,0,No Report
Serbia,European Region of WHO,South West Europe,2018,28,09/07/2018,15/07/2018,0,0,,0,0,0,0,0,0,0,0,0,0,0,No Report
Serbia,European Region of WHO,South West Europe,2018,29,16/07/2018,22/07/2018,0,0,,0,0,0,0,0,0,0,0,0,0,0,No Report
Serbia,European Region of WHO,South West Europe,2018,30,23/07/2018,29/07/2018,2,2,,0,0,0,0,0,0,0,0,0,0,2,No Report
Serbia,European Region of WHO,South West Europe,2018,31,30/07/2018,05/08/2018,0,0,,0,0,0,0,0,0,0,0,0,0,0,No Report
Serbia,European Region of WHO,South West Europe,2018,32,06/08/2018,12/08/2018,0,0,,0,0,0,0,0,0,0,0,0,0,0,No Report
Serbia,European Region of WHO,South West Europe,2018,33,13/08/2018,19/08/2018,1,1,,0,0,0,0,0,0,0,0,0,0,1,No Report
Serbia,European Region of WHO,South West Europe,2018,34,20/08/2018,26/08/2018,0,0,,0,0,0,0,0,0,0,0,0,0,0,No Report
Serbia,European Region of WHO,South West Europe,2018,35,27/08/2018,02/09/2018,0,0,,0,0,0,0,0,0,0,0,0,0,0,No Report
Serbia,European Region of WHO,South West Europe,2018,36,03/09/2018,09/09/2018,0,0,,0,0,0,0,0,0,0,0,0,0,0,No Report
Serbia,European Region of WHO,South West Europe,2018,37,10/09/2018,16/09/2018,0,0,,0,0,0,0,0,0,0,0,0,0,0,No Report
Serbia,European Region of WHO,South West Europe,2018,38,17/09/2018,23/09/2018,0,0,,0,0,0,0,0,0,0,0,0,0,0,No Report
Serbia,European Region of WHO,South West Europe,2018,39,24/09/2018,30/09/2018,0,0,,0,0,0,0,0,0,0,0,0,0,0,No Report
Serbia,European Region of WHO,South West Europe,2018,40,01/10/2018,07/10/2018,0,1,0,0,0,0,0,0,0,0,0,0,0,0,No Report
Serbia,European Region of WHO,South West Europe,2018,41,08/10/2018,14/10/2018,2,4,0,0,0,0,0,0,0,0,0,0,0,2,No Report
Serbia,European Region of WHO,South West Europe,2018,42,15/10/2018,21/10/2018,0,2,0,0,0,0,0,0,0,0,0,0,0,0,No Report
Serbia,European Region of WHO,South West Europe,2018,43,22/10/2018,28/10/2018,6,12,0,0,0,0,0,0,0,0,0,0,0,6,No Report
Serbia,European Region of WHO,South West Europe,2018,44,29/10/2018,04/11/2018,3,8,0,0,0,0,0,0,0,0,0,0,0,3,No Report
Serbia,European Region of WHO,South West Europe,2018,45,05/11/2018,11/11/2018,1,4,0,0,0,0,0,0,0,0,0,0,0,1,No Report
Serbia,European Region of WHO,South West Europe,2018,46,12/11/2018,18/11/2018,0,1,0,0,0,0,0,0,0,0,0,0,0,0,No Report
Serbia,European Region of WHO,South West Europe,2018,47,19/11/2018,25/11/2018,3,9,0,0,0,0,0,0,0,0,0,0,0,3,No Report
Serbia,European Region of WHO,South West Europe,2018,48,26/11/2018,02/12/2018,1,4,0,0,0,0,0,0,0,0,0,0,0,1,No Report
Serbia,European Region of WHO,South West Europe,2018,49,03/12/2018,09/12/2018,5,12,0,0,0,0,0,0,0,0,0,0,0,5,No Report
Serbia,European Region of WHO,South West Europe,2018,50,10/12/2018,16/12/2018,7,11,0,0,0,0,0,0,0,0,0,0,0,7,No Report
Serbia,European Region of WHO,South West Europe,2018,51,17/12/2018,23/12/2018,12,17,0,0,0,0,0,0,0,0,0,0,0,12,No Report
Serbia,European Region of WHO,South West Europe,2018,52,24/12/2018,30/12/2018,9,16,0,3,0,0,0,3,0,0,0,0,3,9,No Report
Serbia,European Region of WHO,South West Europe,2019,1,31/12/2018,06/01/2019,24,38,0,9,2,0,0,11,0,0,0,0,11,20,No Activity
Serbia,European Region of WHO,South West Europe,2019,2,07/01/2019,13/01/2019,17,42,0,16,0,0,0,16,0,0,0,0,16,10,No Activity
Serbia,European Region of WHO,South West Europe,2019,3,14/01/2019,20/01/2019,43,103,0,33,6,0,3,42,0,0,0,0,42,31,No Activity
Serbia,European Region of WHO,South West Europe,2019,4,21/01/2019,27/01/2019,86,192,0,86,13,0,0,99,0,0,0,0,99,53,No Activity
Serbia,European Region of WHO,South West Europe,2019,5,28/01/2019,03/02/2019,176,393,0,244,22,0,7,273,0,0,0,0,273,64,Local Outbreak
Serbia,European Region of WHO,South West Europe,2019,6,04/02/2019,10/02/2019,252,605,0,350,38,0,0,388,0,0,0,0,388,83,Local Outbreak
Serbia,European Region of WHO,South West Europe,2019,7,11/02/2019,17/02/2019,190,496,0,273,36,0,0,309,0,0,0,0,309,56,Local Outbreak
Serbia,European Region of WHO,South West Europe,2019,8,18/02/2019,24/02/2019,265,556,0,283,24,0,0,307,0,0,0,0,307,116,Local Outbreak
Serbia,European Region of WHO,South West Europe,2019,9,25/02/2019,03/03/2019,135,311,0,128,10,0,0,138,0,0,0,0,138,84,Sporadic
Serbia,European Region of WHO,South West Europe,2019,10,04/03/2019,10/03/2019,113,217,0,86,13,0,1,100,0,0,0,0,100,64,Sporadic
Serbia,European Region of WHO,South West Europe,2019,11,11/03/2019,17/03/2019,59,133,0,40,9,0,1,50,0,0,0,0,50,38,Sporadic
Serbia,European Region of WHO,South West Europe,2019,12,18/03/2019,24/03/2019,41,93,0,18,7,0,0,25,0,0,0,0,25,35,No Activity
Serbia,European Region of WHO,South West Europe,2019,13,25/03/2019,31/03/2019,43,101,0,24,16,0,0,40,0,0,0,0,40,30,No Activity
Serbia,European Region of WHO,South West Europe,2019,14,01/04/2019,07/04/2019,38,62,0,10,7,0,0,17,0,0,0,0,17,30,No Activity
Serbia,European Region of WHO,South West Europe,2019,15,08/04/2019,14/04/2019,10,42,0,5,7,0,2,14,0,0,0,0,14,8,No Activity
Serbia,European Region of WHO,South West Europe,2019,16,15/04/2019,21/04/2019,9,24,0,1,2,0,2,5,0,0,0,0,5,7,No Activity
Serbia,European Region of WHO,South West Europe,2019,17,22/04/2019,28/04/2019,18,30,0,1,6,0,2,9,0,0,0,0,9,14,No Activity
Serbia,European Region of WHO,South West Europe,2019,18,29/04/2019,05/05/2019,6,11,0,0,0,0,0,0,0,0,0,0,0,6,No Activity
Serbia,European Region of WHO,South West Europe,2019,19,06/05/2019,12/05/2019,4,8,0,0,0,0,0,0,0,0,0,0,0,4,No Activity
Serbia,European Region of WHO,South West Europe,2019,20,13/05/2019,19/05/2019,2,3,0,0,0,0,0,0,0,0,0,0,0,2,No Activity
Serbia,European Region of WHO,South West Europe,2019,21,20/05/2019,26/05/2019,1,1,,0,0,0,0,0,0,0,0,0,0,1,No Report
Serbia,European Region of WHO,South West Europe,2019,22,27/05/2019,02/06/2019,0,0,,0,0,0,0,0,0,0,0,0,0,0,No Report
Serbia,European Region of WHO,South West Europe,2019,23,03/06/2019,09/06/2019,0,0,,0,0,0,0,0,0,0,0,0,0,0,No Report
Serbia,European Region of WHO,South West Europe,2019,24,10/06/2019,16/06/2019,0,0,,0,0,0,0,0,0,0,0,0,0,0,No Report
Serbia,European Region of WHO,South West Europe,2019,25,17/06/2019,23/06/2019,0,0,,0,0,0,0,0,0,0,0,0,0,0,No Report
Serbia,European Region of WHO,South West Europe,2019,26,24/06/2019,30/06/2019,0,0,,0,0,0,0,0,0,0,0,0,0,0,No Report
Serbia,European Region of WHO,South West Europe,2019,27,01/07/2019,07/07/2019,0,0,,0,0,0,0,0,0,0,0,0,0,0,No Report
Serbia,European Region of WHO,South West Europe,2019,28,08/07/2019,14/07/2019,1,1,,0,0,0,0,0,0,0,0,0,0,1,No Report
Serbia,European Region of WHO,South West Europe,2019,29,15/07/2019,21/07/2019,0,0,,0,0,0,0,0,0,0,0,0,0,0,No Report
Serbia,European Region of WHO,South West Europe,2019,30,22/07/2019,28/07/2019,0,0,,0,0,0,0,0,0,0,0,0,0,0,No Report
Serbia,European Region of WHO,South West Europe,2019,31,29/07/2019,04/08/2019,0,0,,0,0,0,0,0,0,0,0,0,0,0,No Report
Serbia,European Region of WHO,South West Europe,2019,32,05/08/2019,11/08/2019,0,0,,0,0,0,0,0,0,0,0,0,0,0,No Report
Serbia,European Region of WHO,South West Europe,2019,33,12/08/2019,18/08/2019,1,1,,0,0,0,0,0,0,0,0,0,0,1,No Report
Serbia,European Region of WHO,South West Europe,2019,34,19/08/2019,25/08/2019,0,0,,0,0,0,0,0,0,0,0,0,0,0,No Report
Serbia,European Region of WHO,South West Europe,2019,35,26/08/2019,01/09/2019,0,0,,0,0,0,0,0,0,0,0,0,0,0,No Report
Serbia,European Region of WHO,South West Europe,2019,36,02/09/2019,08/09/2019,0,0,,0,0,0,0,0,0,0,0,0,0,0,No Report
Serbia,European Region of WHO,South West Europe,2019,37,09/09/2019,15/09/2019,0,0,,0,0,0,0,0,0,0,0,0,0,0,No Report
Serbia,European Region of WHO,South West Europe,2019,38,16/09/2019,22/09/2019,0,0,,0,0,0,0,0,0,0,0,0,0,0,No Report
Serbia,European Region of WHO,South West Europe,2019,39,23/09/2019,29/09/2019,4,4,,0,0,0,0,0,0,0,0,0,0,4,No Report
Serbia,European Region of WHO,South West Europe,2019,40,30/09/2019,06/10/2019,0,0,0,0,0,0,0,0,0,0,0,0,0,0,No Report
Serbia,European Region of WHO,South West Europe,2019,41,07/10/2019,13/10/2019,3,6,0,0,0,0,0,0,0,0,0,0,0,3,No Report
Serbia,European Region of WHO,South West Europe,2019,42,14/10/2019,20/10/2019,0,1,0,0,0,0,0,0,0,0,0,0,0,0,No Report
Serbia,European Region of WHO,South West Europe,2019,43,21/10/2019,27/10/2019,3,6,0,0,0,0,0,0,0,0,0,0,0,3,No Report
Serbia,European Region of WHO,South West Europe,2019,44,28/10/2019,03/11/2019,6,14,0,0,0,0,0,0,0,0,0,0,0,6,No Report
Serbia,European Region of WHO,South West Europe,2019,45,04/11/2019,10/11/2019,7,12,0,0,0,0,0,0,0,0,0,0,0,7,No Report
Serbia,European Region of WHO,South West Europe,2019,46,11/11/2019,17/11/2019,8,13,0,0,0,0,0,0,0,0,0,0,0,8,No Report
Serbia,European Region of WHO,South West Europe,2019,47,18/11/2019,24/11/2019,9,17,0,0,0,0,0,0,0,0,0,0,0,9,No Report
Serbia,European Region of WHO,South West Europe,2019,48,25/11/2019,01/12/2019,5,8,0,0,0,0,0,0,0,0,0,0,0,5,No Report
Serbia,European Region of WHO,South West Europe,2019,49,02/12/2019,08/12/2019,22,33,0,0,0,0,0,0,0,6,0,6,6,18,No Activity
Serbia,European Region of WHO,South West Europe,2019,50,09/12/2019,15/12/2019,63,84,0,2,0,0,0,2,0,7,0,7,9,58,No Activity
Serbia,European Region of WHO,South West Europe,2019,51,16/12/2019,22/12/2019,62,80,0,2,0,0,0,2,0,8,0,8,10,55,Sporadic
Serbia,European Region of WHO,South West Europe,2019,52,23/12/2019,29/12/2019,48,73,0,4,0,0,0,4,0,4,0,4,8,45,Sporadic
